split_col	model	feature_family	train_n	valid_n	test_n	train_pos_rate	valid_pos_rate	test_pos_rate	threshold_from_valid	macro_f1	balanced_accuracy	auroc	auprc	auroc_ci_low	auroc_ci_high	auprc_ci_low	auprc_ci_high
site_disjoint_split	site_only	ablation	2677	574	573	0.6977960403436683	0.6445993031358885	0.7120418848167539	0.5182906004838972	0.47613958279680657	0.49494206773618543	0.48556149732620324	0.7202966628484053	0.4384001727201259	0.5392225141720413	0.668374192632301	0.7716401876110607
site_disjoint_split	modified_only	ablation	2677	574	573	0.6977960403436683	0.6445993031358885	0.7120418848167539	0.3373136408935082	0.5707865168539326	0.5730614973262032	0.5750816993464052	0.7533634891920329	0.5268952757766479	0.6265294494543625	0.7041505464813931	0.8018413479507133
site_disjoint_split	partner_only	ablation	2677	574	573	0.6977960403436683	0.6445993031358885	0.7120418848167539	0.4701497976292104	0.639236563215928	0.6702762923351159	0.7116830065359478	0.8497775639150305	0.6655022853851915	0.7608025094741814	0.8078165221290333	0.8827273972638405
site_disjoint_split	pair_sequence_only	ablation	2677	574	573	0.6977960403436683	0.6445993031358885	0.7120418848167539	0.4008439029492659	0.6277453336313847	0.6385026737967914	0.654552881758764	0.7971462201314234	0.5994096068109025	0.699247104073862	0.7523962175515155	0.84388831862943
site_disjoint_split	mechanism_only	ablation	2677	574	573	0.6977960403436683	0.6445993031358885	0.7120418848167539	0.44385281969279416	0.5383012419771609	0.544229055258467	0.5710932857991682	0.7555855433090541	0.5183666828828833	0.6284780483360713	0.7081258049281638	0.8084167570358295
site_disjoint_split	combined_plus_degree	ablation	2677	574	573	0.6977960403436683	0.6445993031358885	0.7120418848167539	0.6758243098086721	0.5705867658582824	0.5818181818181818	0.5935383244206773	0.7512741224554909	0.5332397737035773	0.6461490466303368	0.7074272834400306	0.7999804962224357
