split_col	model	split	n	threshold	auprc	auroc	mcc	balanced_accuracy	macro_f1	epoch	train_loss	valid_loss	test_loss
S2b_cold_interface_split	ptm_cipher_lite_local	valid	574	0.6896592521667481	0.7284814369122289	0.5584608136570225	0.1311920623842347	0.567301296973728	0.5647338354987109	1	1.0041732958384924	1.0336285928885143	
S2b_cold_interface_split	ptm_cipher_lite_local	valid	574	0.7361139416694641	0.7411058692368807	0.5822455936148986	0.1383117906207306	0.5738277352843366	0.5544659422210443	2	0.9820604457386902	1.0428746591011684	
S2b_cold_interface_split	ptm_cipher_lite_local	valid	574	0.7966410571336746	0.7430558120649176	0.5843864316594614	0.14851499868299753	0.57931493182574	0.5578048404695198	3	1.0169122080717767	1.0623442083597183	
S2b_cold_interface_split	ptm_cipher_lite_local	valid	574	0.7915509510040283	0.7573342761758687	0.6053652588404834	0.1754233749542516	0.584192439862543	0.49555877889986655	4	0.9589707010558673	0.9857769012451172	
S2b_cold_interface_split	ptm_cipher_lite_local	valid	574	0.7873152256011963	0.7550580482859512	0.5943354395299856	0.16304627337643907	0.5744374237889369	0.47016248334209526	5	0.9608712744499955	1.01576662560304	
S2b_cold_interface_split	ptm_cipher_lite_local	test	573	0.7915509510040283	0.7881700801194893	0.6098126776083048	0.20209301889961762	0.5935597053876935	0.4707425984829949	best_valid			0.9899975409110388
