external_source	model	train_n	external_n	external_pos_rate	threshold	auprc	auroc	mcc	macro_f1	balanced_accuracy
Rrustemi2024_PRISMA	class_prior	3824	108	0.7314814814814815	0.6919456066945606	0.7314814814814815	0.5	0.0	0.42245989304812837	0.5
Rrustemi2024_PRISMA	topology_only	3824	108	0.7314814814814815	0.64557893191916	0.7958777041055521	0.5395024006983851	0.19385791987369233	0.3892996955197912	0.5776953295504147
Rrustemi2024_PRISMA	motif_only	3824	108	0.7314814814814815	0.7763095007077705	0.9332145887727411	0.8876036665211698	0.10241213761700273	0.2530032763014197	0.5189873417721519
Rrustemi2024_PRISMA	sequence_random_forest	3824	108	0.7314814814814815	0.42539200615341516	0.9589887314361485	0.883457005674378	0.0	0.42245989304812837	0.5
Rrustemi2024_PRISMA	counterfactual_mlp	3824	108	0.7314814814814815	0.7928477501869216	0.9420666523877562	0.8481012658227848	0.45030521355509817	0.7213883677298312	0.7079877782627674
Rrustemi2024_PRISMA	counterfactual_logistic	3824	108	0.7314814814814815	0.27302937037090474	0.9514628330970394	0.8751636839807945	0.5304531623629666	0.7624725083921751	0.7487996508075077
Rrustemi2024_PRISMA	ptm_delta_only	3824	108	0.7314814814814815	0.4915055430458291	0.9282071769441298	0.8707987778262767	0.48052422995514504	0.6967116586647342	0.7710606721955477
