scope	n_events	actual_interface_fraction	same_residue_null_interface_fraction	interface_enrichment_ratio	actual_mean_distance_to_interface	same_residue_null_mean_distance_to_interface	distance_ratio_actual_over_null
all_structure_supported_events	3646	0.17690619857377948	0.12665864376098823	1.3967163497156272	58.32492375935681	77.04700216055724	0.7570044534349858
effect_enhance	2538	0.1698187549251379	0.11985008341702538	1.4169264641580899	62.13341298287535	83.81732046463965	0.7412956252769715
effect_inhibit	1108	0.1931407942238267	0.1422544254875024	1.3577137833282726	49.59945255474452	61.5358075788502	0.8060258653660995
